Id,F1,F2,F3,F4,F5,F6,F7,F8,F9,F10,F11,Expected
1,1,12,2/25/2011,17,48.55,211147488,42.08,-10.2796,327.4089238,-1.04505,0.187441,42.68
2,1,7,3/18/2011,61,103.97,56186791,97.98,3.67084,28.6517076,2.81148,0.710117,102.80
3,2,15,5/20/2011,6,66.79,53385097,65.28,-1.08417,-19.16309141,2.42368,0.867712,65.69
4,1,23,3/25/2011,47,20.50,215914627,19.74,0.147638,-52.82003856,-0.195886,0.982801,20.35
5,1,20,1/14/2011,33,88.80,11585909,85.70,2.80047,-28.33571092,1.65073,0.624291,88.10
6,1,28,1/28/2011,40,57.90,69546259,55.30,2.36505,31.19513006,-0.744021,0.652557,56.70
7,2,28,5/27/2011,75,55.50,35560853,54.10,-0.364299,-37.27784658,-2.22303,0.676417,54.70
8,2,3,6/17/2011,54,75.51,25381159,72.69,1.50561,36.64543035,-3.65062,0.566343,74.16
9,2,28,4/1/2011,40,52.74,44519431,51.89,-0.344102,-16.60713204,0.439686,0.709764,52.13
10,1,15,3/25/2011,62,59.16,47498000,58.50,0.528379,-33.77005294,0.8647,0.966429,58.98
11,1,25,1/14/2011,53,54.84,14820631,52.96,2.84262,-25.93430373,0.695716,0.658979,54.63
12,1,8,2/11/2011,0,54.75,37155830,52.51,3.72482,19.58756841,2.8288,0.751191,54.58
13,2,17,4/8/2011,81,31.88,34314135,31.35,-0.126143,-11.46962324,5.13709,0.915693,31.67
14,1,1,3/4/2011,69,16.94,109493077,16.13,-1.36823,-17.66315005,-3.31725,0.180941,16.58
15,1,7,1/7/2011,38,92.48,35556288,90.27,-0.512765,,2.06707,0.78956,91.19
16,1,2,1/7/2011,89,45.60,45102042,43.11,2.44804,,4.63801,0.405771,44.36
17,2,3,6/24/2011,47,75.02,30675314,70.29,-3.65062,20.85860224,3.96137,0.589391,71.26
18,2,5,4/1/2011,19,113.59,28116391,108.61,3.26821,-25.69164534,-3.45495,0.388967,113.12
19,1,3,1/7/2011,33,70.10,36258120,66.00,4.88284,,0.93633,0.605362,69.38
20,2,4,5/6/2011,26,12.71,577232010,12.20,-0.404531,3.533762368,-2.85016,0.0812348,12.31
21,2,30,5/20/2011,47,31.77,102539987,30.90,0,10.82577404,0.935484,1.37292,31.32
22,2,21,5/13/2011,31,37.30,59693542,36.10,2.68624,-27.91542263,0,1.02481,37.08
23,1,22,2/25/2011,81,27.10,238628349,26.43,-0.85885,4.242697988,-2.77257,0.602637,26.55
24,1,20,3/25/2011,54,92.98,14970403,90.17,2.21558,-36.65554692,0.768232,0.596077,92.27
25,1,8,2/18/2011,82,55.98,27705910,53.80,2.8288,-25.43320927,-1.60146,0.732404,55.98
26,2,7,5/20/2011,89,104.53,39951901,99.61,0.529256,-7.311537478,2.05676,0.711709,102.57
27,1,8,3/25/2011,47,54.64,24464568,52.89,0.557621,-38.49972579,1.99593,0.757856,54.10
28,2,28,5/20/2011,82,56.47,56695842,54.95,-0.575436,32.93498527,-0.364299,0.669199,55.29
29,2,10,5/20/2011,27,20.05,228297982,19.41,-1.15869,16.8069979,0.621118,0.713558,19.62
30,2,12,5/20/2011,24,40.34,217523955,35.91,-10.4975,242.5641043,3.87858,0.361312,35.98
31,2,20,5/13/2011,5,97.18,15657591,94.44,0.745016,-8.066837824,-2.07243,0.572857,96.01
32,1,25,1/28/2011,39,57.78,26595621,54.97,1.21509,95.11061072,2.86687,0.645046,55.81
33,1,30,3/18/2011,19,28.42,153806769,27.27,-1.34181,10.53048756,0.278067,1.53901,27.94
34,2,9,5/6/2011,217,43.79,35369886,42.30,-0.943179,17.42174871,-4.15512,0.928936,43.06
35,1,23,2/25/2011,75,19.13,177077740,18.67,-0.105932,15.6210649,3.7467,1.06045,18.86
36,2,15,6/10/2011,77,67.28,52231924,65.18,0.333991,10.1335008,-0.0452352,0.86246,66.09
37,1,1,3/11/2011,62,16.75,114332562,15.42,-3.31725,4.419900447,1.00313,0.187149,16.03
38,1,28,2/25/2011,12,54.01,92696912,51.52,-3.82828,79.79620013,0.618357,0.714976,51.75
39,1,13,2/18/2011,77,164.84,14352613,162.52,0.401998,-45.02337001,-0.788653,0.454987,164.84
40,2,9,4/21/2011,232,42.46,24312043,40.45,3.17305,-40.44189089,1.79499,0.946298,42.27
41,2,29,6/17/2011,54,80.82,100521400,78.33,-1.225,8.8119524,-2.37762,0.594786,79.02
42,1,2,1/14/2011,82,46.25,25913713,44.01,4.63801,-42.54425775,-0.0651749,0.389189,46.25
43,1,4,1/21/2011,40,15.16,982445809,13.94,-5.50398,29.11022794,-4.5614,0.0701754,14.25
44,2,17,6/3/2011,25,35.00,38915498,34.05,-1.98333,22.91416324,-0.821837,0.85044,34.10
45,2,25,6/3/2011,5,62.25,13535632,60.59,-1.24294,9.648815334,-3.48818,0.670154,61.18
46,2,10,5/13/2011,34,20.42,195448891,19.76,-0.400601,-16.8939336,-1.15869,0.703871,19.89
47,2,4,4/1/2011,61,13.61,499672763,13.16,-0.372578,-30.37656568,0.597015,0.0747943,13.37
48,1,24,2/25/2011,61,64.40,47748854,62.53,-1.39652,32.2720566,-1.22611,0.843412,62.84
49,1,16,1/21/2011,73,45.54,182971761,43.60,0.599733,26.48157478,-1.48197,0.551998,45.29
50,2,28,6/17/2011,54,53.29,68996550,51.79,-0.1701,17.44814099,-0.550285,0.700492,52.82
51,2,1,5/13/2011,82,17.62,111630753,16.75,-0.34965,-50.39813923,-4.35294,0.175439,17.10
52,2,26,4/8/2011,40,86.00,11690792,84.18,-0.992295,-28.339435,-1.82353,0.565971,84.81
53,1,17,1/7/2011,81,31.76,44971770,31.14,-1.79471,,1.39114,0.929785,31.19
54,2,22,6/24/2011,53,24.86,309206180,24.16,0.537857,10.26138322,7.38754,0.658436,24.30
55,1,8,1/14/2011,28,49.80,34546875,47.20,3.10559,24.90378736,-2.38239,0.823293,49.80
56,2,29,5/13/2011,89,83.76,99678100,79.42,-2.578,-12.41390953,1.68287,0.58118,80.87
57,2,5,6/3/2011,45,106.60,35887587,99.15,-4.99013,18.77910764,-3.45137,0.454995,101.10
58,2,17,4/21/2011,68,33.67,33399240,32.70,2.01711,-53.30771677,0.418535,0.868784,33.38
59,2,19,5/6/2011,21,79.37,26460318,78.20,0.382653,15.43122927,1.61087,0.775095,78.70
60,2,9,4/1/2011,252,43.48,34130223,42.36,-0.787219,-16.13448039,-2.58922,0.933489,42.85
61,2,14,6/10/2011,54,22.44,249719951,21.26,-1.92661,11.99298448,-1.11993,0.982226,21.38
62,2,19,4/8/2011,49,76.91,22337802,75.66,-0.35382,24.25257973,1.61523,0.802209,76.04
63,2,15,4/21/2011,35,64.54,72888066,60.10,5.98842,24.31515439,3.25216,0.889652,64.07
64,1,5,3/18/2011,33,105.64,54195667,98.55,2.40764,40.35219927,2.04864,0.418808,105.06
65,1,21,3/18/2011,87,32.60,86394177,31.06,-1.81538,-5.393471092,1.49579,1.19085,31.91
66,1,5,2/25/2011,54,105.30,28146727,98.03,-2.72745,72.34217163,0.311526,0.431373,102.00
67,2,25,5/6/2011,33,64.17,14335889,62.85,-0.204531,-10.66190717,-1.42338,0.646382,63.43
68,2,26,4/29/2011,19,89.80,20800024,86.29,2.96552,23.37164592,-0.910807,0.535834,89.58
69,2,12,4/29/2011,45,41.30,82362537,39.99,-1.68047,78.10221373,0.294913,0.322021,40.37
70,2,14,5/20/2011,75,23.96,387571150,23.08,-0.428816,12.41924755,-3.09773,0.904393,23.22
71,2,20,4/8/2011,40,94.10,12672220,92.60,0.58265,-15.28166652,-0.822737,0.590002,93.22
72,1,21,3/4/2011,7,33.36,128028062,32.19,2.67081,122.7818036,-0.818182,1.14943,33.06
73,2,6,6/3/2011,32,16.82,256069538,15.98,-3.49608,8.942427237,-5.73566,0.374766,16.01
74,1,7,1/28/2011,17,94.97,42303108,92.93,-0.55384,52.42922993,3.47363,0.771126,93.37
75,2,9,4/8/2011,245,43.05,39055258,41.40,-2.58922,14.43012839,-0.574713,0.957854,41.76
76,2,1,6/3/2011,61,16.83,77152591,15.77,-4.8416,-0.108848567,-4.0201,0.188442,15.92
77,2,13,5/27/2011,73,168.60,19453763,165.90,-0.593472,-25.2573493,-2.01259,0.447761,167.50
78,1,1,1/14/2011,19,16.71,242963398,15.64,-4.42849,1.380223028,-2.47066,0.187852,15.97
79,2,21,4/21/2011,53,34.29,47226349,33.51,-0.467836,-44.78625766,6.67656,1.11633,34.04
80,2,15,4/1/2011,55,59.73,48029143,58.93,0.8647,1.118242873,-0.0672269,0.958144,59.49
81,1,15,3/4/2011,83,61.50,63576642,59.77,1.88553,35.88585823,-2.2917,0.933508,61.06
82,2,4,4/29/2011,33,12.60,557530217,12.23,-0.324675,-10.78053414,-0.404531,0.0814332,12.28
83,1,15,1/28/2011,28,62.72,86229071,60.00,-4.07609,79.64434703,1.13032,0.89985,60.01
84,1,7,1/14/2011,31,92.85,28260512,90.12,2.06707,-20.51894731,0.903809,0.775611,92.83
85,2,26,5/20/2011,89,89.25,22021867,86.65,-1.08524,26.41257521,-0.0925819,0.548571,87.50
86,2,22,5/6/2011,11,26.25,346656165,25.48,-0.269854,-37.52703915,-2.9845,0.618477,25.87
87,1,1,2/18/2011,83,17.68,80023895,17.28,-0.632547,-30.22669579,-1.76678,0.173611,17.28
88,1,11,3/4/2011,4,37.86,49763519,36.33,0.188425,-9.217280626,-0.322061,0.671682,37.22
89,2,14,6/3/2011,61,22.64,222978209,21.67,-3.20713,5.954584273,-1.92661,0.966406,21.73
90,2,10,4/29/2011,48,20.85,280299000,19.89,1.53923,53.30701978,-3.33333,0.684597,20.45
91,2,12,6/3/2011,10,37.52,79313559,36.00,-3.13841,-25.53256987,-2.05613,0.360011,36.11
92,2,30,5/27/2011,40,31.30,73854767,30.92,0.935484,-27.97466709,-2.63659,1.37424,31.29
93,1,18,3/4/2011,7,65.87,61665987,63.86,1.62069,90.72844481,-0.780772,0.720748,65.21
94,2,6,6/10/2011,25,16.17,412198054,15.01,-5.73566,60.9711398,-1.12285,0.396825,15.12
95,1,10,1/21/2011,24,19.97,449508777,18.17,4.00421,108.4666504,1.35474,0.70922,19.74
96,1,15,3/18/2011,69,59.49,71716802,57.50,-1.54648,33.19330574,0.528379,0.973194,58.57
97,2,8,4/29/2011,12,56.88,27349183,54.54,1.97522,76.02131292,-3.17263,0.721958,56.79
98,1,15,1/14/2011,42,62.98,34950419,62.00,0.417402,-39.50570645,0.723356,0.863309,62.55
99,1,18,3/25/2011,80,65.39,29853434,63.05,3.31063,-49.86235567,3.09816,0.720638,65.22
100,1,17,2/25/2011,32,32.20,50462721,30.66,3.22266,32.19706832,-0.754243,0.914538,31.71
101,1,3,2/25/2011,75,74.29,26258425,70.00,-0.0691085,64.2255158,-0.92452,0.580913,72.30
102,1,2,2/18/2011,47,46.93,28564910,45.53,-1.91728,-34.70429674,-3.13752,0.395344,45.53
103,2,2,4/29/2011,61,49.15,32470319,46.77,4.00509,41.61051838,1.68118,0.366748,49.08
104,1,23,2/4/2011,96,19.39,358819619,18.16,6.10225,29.46420862,-2.28334,1.03627,19.30
105,1,4,1/7/2011,54,14.69,1453438639,13.80,2.88809,,7.62174,0.0701754,14.25
106,1,24,3/18/2011,40,61.39,66311521,59.70,-0.720839,25.75243927,-0.131234,0.874587,60.60
107,1,29,3/11/2011,61,86.08,92727886,80.10,-4.33364,-9.209723759,-1.00404,0.572333,82.12
108,2,19,6/3/2011,88,82.25,23382621,80.01,-1.93596,-12.18939683,-0.297767,0.757388,80.54
109,2,23,4/8/2011,33,20.61,199157969,20.15,-0.437956,16.86000958,-0.0973236,0.977517,20.46
110,1,12,1/7/2011,66,45.39,100020724,42.22,6.79773,,3.09853,0.177423,45.09
111,1,5,2/18/2011,61,105.86,16331886,102.01,2.22093,-40.89587026,-2.72745,0.415643,105.86
112,1,26,1/14/2011,33,79.90,12713121,77.81,1.03488,-19.52621247,1.16044,0.543753,79.08
113,2,1,6/10/2011,54,16.03,94970970,15.17,-4.0201,23.09498459,-3.72793,0.196335,15.28
114,2,23,6/17/2011,47,20.73,229372501,20.03,0.896414,16.91862397,-0.049776,0.987167,20.26
115,1,4,3/25/2011,68,14.22,717678994,13.32,-6.05634,-9.427520474,-0.372578,0.0749625,13.34
116,2,26,4/21/2011,27,87.10,16859647,81.10,5.44794,-0.928290795,2.96552,0.551091,87.10
117,2,7,6/10/2011,68,101.87,35612426,98.98,-1.21903,10.57626055,-0.869652,0.732417,99.67
118,2,20,5/6/2011,12,97.95,17031494,94.40,-2.0291,-17.54543596,0.745016,0.575314,95.60
119,2,23,6/10/2011,54,20.97,196181321,20.04,-3.41018,16.07392594,0.896414,0.99453,20.11
120,1,9,2/18/2011,294,43.90,33868302,42.98,0.85668,-59.6688392,0.280177,0.918274,43.56
121,1,13,1/14/2011,25,150.00,15335348,146.00,2.04082,-34.72331978,3.79122,0.433333,150.00
122,2,22,5/20/2011,88,25.07,311462943,24.25,-1.88301,-18.5277795,2.27179,0.653328,24.49
123,2,16,4/15/2011,77,47.37,186017520,44.83,-4.48936,52.55140084,0.926135,0.556917,44.89
124,2,17,5/20/2011,39,35.44,48017488,34.48,1.1194,0.934330417,-0.629111,0.823162,35.23
125,2,21,4/8/2011,66,33.70,64799122,33.01,0.989802,7.37406521,2.46437,1.1286,33.67
126,2,15,5/27/2011,91,66.77,49866786,65.08,2.42368,-6.590436653,-1.81251,0.853677,66.77
127,1,24,1/28/2011,89,66.95,70042160,63.14,-2.57967,51.56060413,-1.14996,0.825545,64.20
128,2,14,4/1/2011,33,20.66,321390635,19.56,-3.5225,40.25291453,1.1622,0.912779,19.72
129,1,11,2/11/2011,25,37.48,36079400,36.41,1.84783,-13.77817556,2.69549,0.667022,37.48
130,2,16,4/29/2011,63,46.02,107332185,44.38,2.19485,-5.234805589,-1.95908,0.547885,45.63
131,2,4,6/3/2011,89,11.92,596420503,11.08,-4.97051,24.41261061,-3.39893,0.0886525,11.28
132,2,23,4/21/2011,20,20.88,143338656,19.79,-2.60827,-31.57465728,5.11278,1.01061,19.79
133,1,28,2/11/2011,26,56.73,49477410,55.30,-0.677724,-18.86548397,0.217155,0.664392,55.69
134,1,9,1/21/2011,322,39.94,36187032,38.51,1.71487,13.28480147,-1.99294,1.00654,39.74
135,1,3,1/21/2011,19,72.99,29594221,70.23,1.15721,57.1263549,-3.2019,0.585938,71.68
136,1,19,1/21/2011,35,75.75,40056497,74.31,0.482251,-10.77906533,-1.3064,0.813225,75.01
137,1,28,3/11/2011,61,53.88,69185186,51.75,0.631458,-7.709035471,-1.58548,0.703556,52.59
138,1,17,3/18/2011,11,31.60,51736270,30.45,-1.65027,23.86884317,1.55945,0.935786,30.99
139,1,5,1/14/2011,4,94.70,19707235,92.51,0.858277,-18.3488805,-1.49745,0.468035,94.01
140,1,10,3/25/2011,83,19.93,227819072,19.25,0.355691,-56.23208958,2.67542,0.708861,19.75
141,2,19,6/24/2011,67,83.09,28303321,81.40,-0.58309,2.862707591,5.07913,0.745357,81.84
142,2,22,4/15/2011,32,26.25,229693684,25.09,-3.13097,-11.91033682,1.67331,0.630666,25.37
143,1,28,2/18/2011,19,55.38,51556658,54.35,0.217155,4.202418841,-3.82828,0.668111,55.38
144,1,11,2/4/2011,32,37.18,41844858,36.38,-0.888769,-33.99590554,1.84783,0.679348,36.80
145,1,18,1/7/2011,63,65.88,59802189,62.56,-4.49302,,0.685805,0.74698,62.92
146,2,28,6/10/2011,61,54.30,58746396,52.69,-2.1166,21.99172229,-0.1701,0.701821,52.72
147,2,18,4/1/2011,73,67.48,39265955,65.03,3.09816,31.5291065,0.0743826,0.699197,67.22
148,2,5,5/6/2011,73,116.55,39678464,108.39,-5.07571,14.93358809,-4.0343,0.416893,110.34
149,1,21,2/4/2011,35,34.04,114880019,32.51,-1.20156,4.373185792,0.394657,1.15537,32.89
150,1,17,2/4/2011,53,31.22,34764359,30.21,2.16181,-37.53916855,-1.66774,0.929785,31.19
151,1,4,3/11/2011,82,14.70,805210688,13.92,1.41044,15.08405791,-1.54278,0.069541,14.38
152,2,16,6/17/2011,14,42.44,183560880,39.70,-1.18673,-5.752531188,-2.49383,0.612745,40.80
153,1,4,2/4/2011,26,14.47,757192224,13.64,4.23049,-28.18843105,1.79187,0.069979,14.29
154,2,13,6/24/2011,45,166.81,22984546,163.59,0.836897,-21.79473818,5.30952,0.454353,165.07
155,2,9,6/3/2011,189,41.99,52169227,39.17,-6.01432,50.55467826,-1.73558,1.01574,39.38
156,2,2,4/21/2011,69,47.48,22929313,45.27,2.74809,-21.18057031,4.00509,0.382084,47.11
157,2,16,4/8/2011,84,47.80,121937602,46.05,1.56114,8.194431542,-4.48936,0.533732,46.84
158,2,30,6/3/2011,33,31.65,85085937,30.52,-2.63659,15.20710234,-0.687398,1.40294,30.65
159,1,6,2/18/2011,39,18.95,390258123,18.56,0.0530786,-60.98831052,-0.480513,0.318302,18.85
160,2,27,5/20/2011,47,37.41,53263954,36.80,-0.295223,4.607876455,-0.217687,1.31898,37.15
161,1,5,3/11/2011,40,104.45,38614049,97.01,-3.28757,29.35373297,2.40764,0.439912,100.02
162,1,19,2/4/2011,21,74.50,41519549,73.08,0.338753,-11.15944876,2.71145,0.823768,74.05
163,2,12,4/15/2011,59,41.55,70321527,40.12,-1.10538,-19.79106642,2.57758,0.322901,40.26
164,1,14,2/25/2011,68,22.19,256135777,21.01,-0.410023,27.31574464,-0.873563,0.823422,21.86
165,2,21,6/17/2011,88,35.88,57933495,34.99,1.02769,1.176986033,-2.09691,1.07375,35.39
166,1,6,3/18/2011,11,17.88,444161658,16.97,-3.76193,42.72113826,-0.346021,0.350058,17.14
167,1,30,2/25/2011,40,28.42,94960503,27.61,-0.670904,7.611002836,-1.16814,1.52862,28.13
168,1,19,1/14/2011,42,74.49,44895850,72.46,-0.255892,-47.42916382,0.482251,0.823656,74.06
169,2,10,5/6/2011,41,20.71,235180053,19.81,-3.33333,-16.09672064,-0.400601,0.69965,20.01
170,1,7,3/4/2011,75,104.99,48214502,102.18,1.43723,-16.72485624,-4.0242,0.703614,103.75
171,2,5,4/8/2011,12,113.93,28772937,108.88,-3.45495,2.335100547,-2.55408,0.400656,109.82
172,2,13,6/10/2011,59,165.96,20646079,162.87,-0.958971,-11.57985543,0,0.459615,163.18
173,2,8,6/10/2011,62,50.90,28186429,49.52,-1.0338,11.83505655,-0.919448,0.823624,49.78
174,2,18,5/13/2011,31,68.77,32166394,66.83,1.97427,-5.246821554,0.293686,0.689352,68.18
175,1,13,1/7/2011,32,148.86,23492843,146.64,0.489097,,2.04082,0.439397,147.93
176,2,17,6/17/2011,11,34.72,44641104,33.76,1.65094,2.540396161,0.610643,0.841067,34.48
177,2,11,5/27/2011,18,37.00,40673778,36.00,0,-23.80162822,-4.28413,0.694444,36.00
178,2,25,4/15/2011,54,60.85,15459751,59.00,-0.0835422,25.61586894,3.37154,0.685619,59.80
179,2,11,6/17/2011,74,34.93,76297124,33.41,3.19785,67.29380968,2.30388,0.724008,34.53
180,2,14,4/8/2011,26,20.20,286343950,19.36,1.1622,-10.90470013,-1.59442,0.899101,20.02
181,1,20,2/18/2011,89,92.96,13431331,91.00,1.35194,-17.6758386,-2.67443,0.591652,92.96
182,1,5,1/21/2011,89,96.80,28651009,92.37,-1.49745,45.38320064,3.20354,0.474394,92.75
183,1,4,3/4/2011,89,14.48,699671790,13.81,-1.05116,-1.794490244,1.41044,0.0708215,14.12
184,2,19,4/1/2011,56,76.50,17977737,74.87,0.582396,-24.7082759,-0.35382,0.802737,75.99
185,1,30,2/11/2011,54,28.59,128889979,27.63,1.78763,8.795535062,0.598592,1.51036,28.47
186,1,12,1/28/2011,45,47.83,84066350,45.36,-2.52731,1.746352818,4.44836,0.175786,45.51
187,1,8,1/7/2011,35,50.54,27658789,49.28,-0.579421,,3.10559,0.823955,49.76
188,1,22,1/28/2011,18,29.46,457318851,27.45,-0.963597,107.8338068,0,0.576577,27.75
189,1,30,2/18/2011,47,28.57,88244232,28.00,0.598592,-31.53522664,-0.670904,1.50508,28.57
190,1,7,2/11/2011,3,98.23,38838595,95.70,-0.853207,-20.35770486,3.37173,0.746501,96.45
191,1,8,3/18/2011,54,53.50,39779608,51.10,-0.357277,46.83258001,0.557621,0.773731,52.99
192,1,25,1/21/2011,46,55.24,13631048,54.07,0.695716,-8.026534093,1.21509,0.654545,55.00
193,1,30,3/25/2011,12,29.10,169105318,27.95,0.278067,9.946603195,5.51344,1.49047,28.85
194,1,6,3/4/2011,25,18.79,302059981,18.31,-1.18153,5.907103532,-2.23312,0.326087,18.40
195,1,16,3/11/2011,24,47.10,140414285,44.76,0.263043,0.979818101,0.704535,0.546568,45.74
196,2,11,5/6/2011,39,37.67,52439439,36.77,-1.20192,-14.0606084,0.216626,0.675858,36.99
197,2,1,5/20/2011,75,17.29,118281015,16.26,-4.35294,5.957374488,3.25815,0.184502,16.26
198,1,1,2/11/2011,90,17.48,114691279,16.97,0.230814,-25.71219489,-0.632547,0.172712,17.37
199,1,24,1/7/2011,12,65.08,52323352,64.00,0.170834,,1.75466,0.744186,64.50
200,2,21,6/24/2011,81,35.97,63163236,34.50,-2.09691,9.027145695,2.89017,1.09986,34.55
201,1,12,3/11/2011,3,43.05,85140794,41.26,-2.72727,-23.0903359,0.0242072,0.191709,41.73
202,2,11,6/24/2011,67,35.69,65416820,34.28,2.30388,-14.26043792,4.85298,0.712657,35.08
203,2,8,4/8/2011,33,56.52,19685778,55.00,-0.18018,-15.66208622,-1.00992,0.740072,55.40
204,2,10,5/27/2011,20,19.52,169411364,18.97,0.621118,-25.79375318,-4.36992,0.720165,19.44
205,1,20,1/7/2011,40,87.90,16166921,85.63,-0.599424,,2.80047,0.637829,86.23
206,2,3,5/6/2011,5,80.65,25394946,78.09,-1.29434,-16.74616368,-0.353045,0.529568,79.31
207,2,18,6/10/2011,3,68.05,30422351,65.07,-0.183178,-2.468707121,0.798771,0.718764,65.39
208,1,16,2/25/2011,38,47.27,139540125,45.21,-1.10169,5.758921292,-2.75582,0.535561,46.68
209,1,14,3/18/2011,47,20.88,347426088,19.71,-3.5334,19.85381375,2.36181,0.903161,19.93
210,1,3,2/11/2011,89,72.99,21809411,71.15,0.99398,-4.218921319,0.467675,0.582201,72.14
211,1,25,3/18/2011,82,59.51,24832210,57.51,-0.701214,55.38708747,0.924025,0.706166,58.06
212,1,25,3/25/2011,75,59.28,14126721,57.99,0.924025,-43.11130181,1.04925,0.695151,58.98
213,1,27,3/11/2011,26,36.65,66137992,35.65,-0.774979,-17.41660922,0.279799,1.36681,35.85
214,2,1,4/15/2011,27,18.19,213061090,16.38,-8.52713,64.86072134,3.72861,0.181598,16.52
215,1,30,1/21/2011,16,28.59,130584257,28.15,-0.770578,-23.46322202,-3.40829,1.51783,28.33
216,1,21,3/11/2011,0,33.48,91319466,32.45,-0.818182,-28.67230467,-1.81538,1.16101,32.73
217,2,26,6/17/2011,61,85.26,22074891,82.52,1.98987,9.771305584,-0.0355619,0.567577,84.57
218,2,8,6/17/2011,55,50.63,36027620,48.64,-0.919448,27.81902951,4.9697,0.827113,49.57
219,2,21,4/29/2011,45,36.25,83960030,33.63,6.67656,77.7821741,-0.137212,1.05702,35.95
220,1,15,3/11/2011,76,61.10,53844149,59.11,-2.2917,-15.30828413,-1.54648,0.954934,59.69
221,1,1,2/25/2011,76,17.15,132981863,15.96,-1.76678,66.17769355,-1.36823,0.179856,16.68
222,1,1,3/25/2011,48,17.24,95550392,16.26,4.33455,-26.71060729,1.98482,0.175541,17.09
223,2,27,5/13/2011,54,37.68,50917728,36.95,-0.0536481,-39.58601666,-0.295223,1.31508,37.26
224,2,22,6/3/2011,74,25.10,246418070,23.84,-4.24679,15.51782852,-0.83682,0.669456,23.90
225,2,29,5/27/2011,75,82.63,68230855,80.07,3.00424,-21.35571346,-2.52161,0.568801,82.63
226,1,11,2/18/2011,18,38.48,30619613,37.27,2.69549,-15.13269899,-5.64885,0.649688,38.48
227,1,5,3/25/2011,26,110.15,37837456,105.64,2.04864,-30.18361413,3.26821,0.403337,109.09
228,1,6,1/14/2011,74,21.23,154708263,20.70,1.2894,-49.03298835,-2.35627,0.282885,21.21
229,1,14,2/18/2011,75,22.14,201181541,21.28,2.35784,-15.05677369,-0.410023,0.813008,22.14
230,2,21,5/27/2011,17,37.04,52416661,36.10,-1.25443,-29.95551344,-1.56636,1.04943,36.21
231,2,24,6/24/2011,26,65.29,53025186,62.44,-2.97628,13.15388311,2.40599,0.846781,62.59
232,1,20,1/21/2011,26,89.39,10705548,87.25,1.65073,-7.598549238,-1.98408,0.61597,89.29
233,1,10,3/18/2011,90,20.09,520516218,18.60,-3.55711,71.46703956,0.355691,0.727273,19.25
234,1,25,2/4/2011,32,57.52,27494461,55.81,2.86687,3.379654117,2.91347,0.627068,57.41
235,2,6,5/20/2011,46,16.87,371711669,16.34,-1.72414,-34.04134758,0.304692,0.362976,16.53
236,2,15,4/8/2011,48,60.18,47141409,59.25,-0.0672269,-1.848323631,1.71313,0.958628,59.46
237,1,24,3/11/2011,47,62.30,52731797,61.12,-0.822581,-11.82144795,-0.720839,0.861929,61.49
238,2,25,6/10/2011,89,61.68,18091902,58.71,-3.48818,33.66130226,-2.02977,0.692451,59.21
239,2,12,6/10/2011,3,36.24,74301015,35.14,-2.05613,-6.31990805,-0.370054,0.368794,35.25
240,1,16,3/4/2011,31,47.18,139051830,45.07,-2.75582,-0.349931606,0.263043,0.549209,45.52
241,2,10,6/24/2011,83,18.94,295978977,17.97,-2.01745,12.9778258,6.66667,0.834725,17.97
242,1,3,1/14/2011,26,70.50,18834664,68.35,0.93633,-48.05394212,1.15721,0.599401,70.07
243,2,17,6/10/2011,18,34.39,43535139,24.30,-0.821837,11.87095434,1.65094,0.858242,33.79
244,1,26,3/25/2011,54,83.59,19032729,80.57,2.73063,-27.4527139,1.87463,0.574713,83.52
245,2,1,6/24/2011,40,15.60,99423717,14.56,3.81731,-10.64929945,7.16163,0.19698,15.23
246,1,2,2/11/2011,54,46.79,43746998,43.88,6.34668,10.74718341,-1.91728,0.385027,46.75
247,1,19,1/7/2011,49,77.59,85400677,73.59,-3.54086,,-0.255892,0.820223,74.37
248,1,8,3/4/2011,68,54.95,32958368,52.76,-0.645518,-0.700039131,-2.21811,0.761092,53.87
249,2,3,4/1/2011,40,74.85,20590618,73.03,0.693878,-15.69357356,0.122649,0.567491,74.01
250,2,15,6/3/2011,84,67.34,47426009,65.80,-1.81251,-4.89459457,0.333991,0.86246,66.09
251,1,19,2/25/2011,0,76.45,27881213,74.42,-1.98815,66.61276289,2.03999,0.819452,74.44
252,2,28,4/8/2011,33,53.24,48382262,52.06,0.439686,8.676730392,1.92234,0.704225,52.54
253,1,22,2/11/2011,4,28.34,317408348,27.07,-1.97842,15.65978237,-0.514706,0.587156,27.25
254,1,6,2/11/2011,46,22.34,1000362015,18.61,-15.4229,323.2821517,0.0530786,0.320856,18.70
255,2,1,4/29/2011,13,17.24,90831895,16.66,0.354191,6.565939259,-0.694847,0.176471,17.00
256,1,12,2/11/2011,31,49.39,84089936,47.61,1.94928,12.90934065,0.454076,0.164474,48.64
257,2,12,4/8/2011,66,41.80,87672936,40.20,0.123001,-2.6613075,-1.10538,0.31941,40.70
258,2,8,5/27/2011,76,52.56,24845668,50.50,1.56522,-9.690378087,-5.43437,0.780061,52.56
259,1,29,1/7/2011,52,75.90,101740933,73.64,2.53663,,3.60708,0.582088,75.59
260,2,4,5/27/2011,5,11.69,479389107,11.29,1.91805,-27.25156614,-4.97051,0.0855432,11.69
261,2,14,5/27/2011,68,23.03,210446967,22.21,-3.09773,-45.70107527,-3.20713,0.94552,22.21
262,2,12,4/21/2011,53,41.19,46244533,39.16,2.57758,-34.23844024,-1.68047,0.317151,40.99
263,2,25,4/29/2011,40,63.37,16046782,60.91,3.19635,58.3189568,-0.204531,0.647914,63.28
264,1,9,3/11/2011,273,43.61,41229388,42.16,-1.37836,-22.35020618,-3.30675,0.931749,42.93
265,1,27,2/11/2011,54,36.77,78429505,35.77,0.247934,7.598980746,0.853759,1.34652,36.39
266,1,8,1/21/2011,21,50.14,25611091,47.65,-2.38239,-25.8656796,3.81916,0.847983,48.35
267,1,23,3/18/2011,54,20.29,457640533,19.15,3.75321,134.2177717,0.147638,0.99108,20.18
268,1,24,1/14/2011,5,65.53,41932473,63.40,1.75466,-19.85897043,0.39604,0.732489,65.53
269,2,8,5/20/2011,83,54.00,27511651,51.92,0,1.116318173,1.56522,0.777399,52.74
270,1,27,3/4/2011,33,36.94,80086312,35.85,0.0554631,38.86118906,-0.774979,1.35809,36.08
271,1,14,1/28/2011,6,21.94,325168191,20.93,2.0447,48.83237884,0.603248,0.83877,21.46
272,1,26,3/4/2011,75,84.24,19167224,81.42,-0.86145,23.25251397,-2.10767,0.57929,82.86
273,1,4,1/14/2011,47,15.25,760935694,14.09,7.62174,-47.64583288,-5.50398,0.0655738,15.25
274,2,30,4/21/2011,76,30.68,76563904,29.91,0.854701,-29.16023584,1.46723,1.40156,30.68
275,1,29,1/14/2011,45,77.84,74376886,74.58,3.60708,-26.89580899,1.52976,0.565262,77.84
276,2,1,5/6/2011,6,17.96,225053559,16.83,-0.694847,147.7693094,-0.34965,0.174927,17.15
277,2,19,4/29/2011,28,78.59,22923015,76.54,1.50356,29.37571897,0.382653,0.778955,78.31
278,1,6,2/4/2011,53,22.15,236334561,20.71,5.35117,-11.04784237,-15.4229,0.272109,22.05
279,1,19,1/28/2011,28,75.85,46734907,73.05,-1.3064,16.67247638,0.338753,0.832424,73.28
280,2,2,4/15/2011,75,46.95,29090940,45.60,-0.237274,-6.504315752,2.74809,0.389189,46.25
281,2,25,5/13/2011,26,64.09,14388418,62.18,-1.42338,0.366416063,-0.431862,0.657789,62.33
282,2,2,5/6/2011,54,50.47,43997724,49.08,1.68118,35.50136049,-1.13863,0.358566,50.20
283,1,17,1/21/2011,67,31.52,41200255,30.89,-0.191022,65.09762779,-2.73973,0.92504,31.35
284,2,1,5/27/2011,68,16.48,77236662,15.83,3.25815,-34.70071085,-4.8416,0.182039,16.48
285,2,14,6/24/2011,40,21.74,309031457,21.06,0.0471921,5.015175306,6.42419,0.990566,21.20
286,1,19,2/18/2011,7,76.45,16734140,75.70,0.0788747,-57.48852195,-1.98815,0.801261,76.13
287,1,25,3/4/2011,4,60.02,20284170,58.53,-0.704698,-2.710541971,-0.641242,0.608314,59.18
288,2,16,5/20/2011,42,44.35,145114846,42.65,0.372353,5.912650898,0.919811,0.579643,43.13
289,1,26,1/28/2011,19,83.08,23565688,80.26,1.45776,43.06570194,0.880196,0.528061,81.43
290,2,19,4/21/2011,36,78.41,17718174,76.40,0.0260112,-18.23908902,1.50356,0.793135,76.91
291,1,1,1/28/2011,5,16.63,151379173,15.82,1.63831,9.355500109,5.93325,0.185989,16.13
292,1,24,3/25/2011,33,61.52,41351155,60.54,-0.131234,-37.64106994,1.6372,0.870565,60.88
293,2,24,5/6/2011,75,66.50,55046479,64.90,0.0459841,2.804866087,2.97243,0.812012,65.27
294,1,11,3/18/2011,88,36.94,52758908,35.43,-2.49187,7.329134676,3.11381,0.694444,36.00
295,2,24,4/29/2011,82,65.10,53544624,62.60,2.88523,81.58517083,0.0459841,0.816641,64.90
296,2,18,6/24/2011,81,66.82,49806614,64.43,-0.673092,15.30664183,4.99614,0.723856,64.93
297,1,24,2/18/2011,68,64.80,36098973,63.40,-0.771605,-30.57864709,-1.39652,0.824261,64.30
298,2,27,6/10/2011,26,36.14,72100710,35.16,-1.06832,43.70072643,0.794777,1.39244,35.19
299,1,22,1/21/2011,25,28.74,220040646,28.02,-0.497159,-3.321898412,-0.963597,0.571021,28.02
300,1,11,1/21/2011,46,36.99,45249920,35.48,1.50125,7.94750283,0.658256,0.684744,36.51
301,2,12,5/27/2011,17,36.96,106507716,35.44,3.87858,-51.03632793,-3.13841,0.351732,36.96
302,2,15,4/15/2011,41,60.95,58631682,59.49,1.71313,24.37405509,5.98842,0.941215,60.56
303,1,15,1/7/2011,49,63.54,57774737,62.53,-0.0479004,,0.417402,0.86262,62.60
304,1,16,1/28/2011,66,45.88,154832501,44.26,-1.48197,-15.37901797,0.405314,0.561293,44.54
305,1,22,1/14/2011,32,28.50,227601331,28.00,0.35461,-30.74577985,-0.497159,0.565371,28.30
306,2,3,6/10/2011,61,75.27,18574466,72.61,-2.76886,4.270503707,1.50561,0.577796,72.69
307,2,29,5/6/2011,5,88.13,113805856,81.59,-6.14075,39.4733141,-2.578,0.568388,82.69
308,1,30,3/11/2011,26,28.89,139153253,27.73,1.82469,17.19147161,-1.34181,1.51089,28.46
309,1,16,1/7/2011,87,44.95,234547885,42.64,1.48837,,3.79015,0.572869,43.64
310,1,25,1/7/2011,60,56.34,20010115,52.88,-4.92066,,2.84262,0.675042,53.33
311,2,30,4/29/2011,68,31.82,112339712,30.43,1.46723,46.72672909,-1.07595,1.38175,31.12
312,1,20,3/4/2011,75,93.40,17453306,90.24,0.31556,1.182362982,-1.04774,0.596594,92.19
313,2,13,5/20/2011,80,171.41,26027660,166.53,0.206113,10.72992899,-0.593472,0.440762,170.16
314,2,8,6/3/2011,69,53.39,25203572,50.11,-5.43437,1.440508663,-1.0338,0.815271,50.29
315,2,27,4/29/2011,68,38.42,68330713,36.82,1.9153,81.07982073,-2.73937,1.29698,37.78
316,2,9,6/17/2011,175,38.86,54513950,37.77,-1.52731,11.02746919,-0.713342,1.05152,38.04
317,1,4,2/25/2011,5,14.52,712456757,13.79,-1.25174,55.41453261,-1.05116,0.0704225,14.20
318,2,24,4/1/2011,26,62.30,43453701,60.61,1.6372,5.08461251,-0.434293,0.853737,62.08
319,2,23,5/13/2011,82,20.99,180162306,20.45,1.89966,-34.24086638,-0.71977,0.956023,20.92
320,1,29,2/25/2011,3,88.23,122018405,84.73,0.435448,30.74489174,-0.919995,0.515585,85.34
321,2,13,4/29/2011,7,173.00,26829625,167.23,1.74769,13.38399495,-1.8709,0.439676,170.58
322,2,15,5/6/2011,20,66.46,68840083,64.80,-0.986044,-2.694014177,2.31915,0.873295,65.27
323,2,20,4/29/2011,19,97.50,20655611,93.27,3.514,112.5314093,-2.0291,0.565785,97.21
324,1,20,2/4/2011,12,88.45,14960948,87.31,0.409417,-42.70150567,4.11705,0.622947,88.29
325,2,30,5/13/2011,54,31.79,92523592,31.05,0.673077,-40.70147863,0,1.36899,31.41
326,1,22,3/18/2011,60,25.76,379216242,24.68,-2.70694,39.52071257,1.74742,0.645161,24.80
327,1,26,2/11/2011,5,85.46,16641148,82.73,2.83645,6.06869297,-0.0705302,0.504695,85.20
328,2,11,5/13/2011,32,37.43,41391929,36.70,0.216626,-21.06717808,0.981194,0.675493,37.01
329,2,14,4/29/2011,5,23.19,466579710,21.33,8.32943,54.25635173,0.999131,0.777538,23.15
330,2,5,4/21/2011,88,109.42,23938892,102.16,3.63705,-22.01779087,5.64811,0.420398,109.42
331,1,6,1/28/2011,60,21.61,265687272,20.73,0.431862,37.15945212,5.35117,0.28667,20.93
332,1,2,3/11/2011,26,45.54,37613429,43.53,0.957592,-3.518293442,0.706794,0.406504,44.28
333,2,13,6/3/2011,66,169.89,23349972,164.13,-2.01259,20.02804804,-0.958971,0.454408,165.05
334,2,4,6/17/2011,75,11.12,889460755,10.40,-1.92837,1.857383255,-0.661001,0.093633,10.68
335,2,2,5/27/2011,33,51.38,26359875,49.79,0.768624,-27.91075123,-4.10586,0.352044,51.13
336,1,10,3/11/2011,97,20.79,303566341,19.94,-0.196078,16.23082689,-3.55711,0.687623,20.36
337,2,19,6/10/2011,81,82.23,31264251,80.00,-0.297767,33.70721358,2.59853,0.759084,80.36
338,1,21,1/28/2011,42,33.99,110066602,33.00,-2.70668,-16.06471893,-1.20156,1.14908,33.07
339,1,17,3/25/2011,4,31.49,41958399,30.43,1.55945,-18.899451,0.829346,0.927703,31.26
340,2,27,6/17/2011,19,35.92,69585912,34.94,0.794777,-3.487896305,1.83876,1.37989,35.51
341,1,7,1/21/2011,24,93.94,27752622,91.58,0.903809,-1.797171969,-0.55384,0.767754,93.78
342,1,4,3/18/2011,75,14.35,792380862,13.66,-1.54278,-1.593350187,-6.05634,0.0712251,14.04
343,1,19,3/25/2011,63,75.75,23877441,73.38,2.38095,-41.55318496,0.582396,0.810631,75.25
344,2,22,4/21/2011,26,26.00,158547201,24.72,1.67331,-30.97450559,1.40845,0.626959,25.52
345,1,20,3/11/2011,68,94.16,18144593,89.71,-1.04774,3.960779694,-2.44491,0.600371,91.61
346,2,25,5/27/2011,12,62.00,12344531,60.36,-0.356333,4.653870348,-1.24294,0.66645,61.52
347,2,23,6/3/2011,61,21.45,169014117,20.66,-0.761905,3.976633788,-3.41018,0.959693,20.84
348,2,29,5/20/2011,82,82.58,86758820,79.60,1.68287,-12.96100146,3.00424,0.576192,81.57
349,2,20,5/27/2011,82,93.47,11695384,91.38,1.27858,-29.53181135,-3.56194,0.588424,93.47
350,1,7,2/4/2011,10,97.44,48766293,93.37,3.47363,15.27827459,-0.853207,0.741427,97.11
351,1,10,2/25/2011,111,21.21,268500170,20.08,-0.287356,69.1962381,-2.7685,0.67243,20.82
352,2,9,6/24/2011,168,38.89,50409504,37.19,-0.713342,-7.529166388,5.58214,1.0644,37.58
353,2,4,6/10/2011,82,11.20,873241317,10.41,-3.39893,46.41369849,-1.92837,0.0925926,10.80
354,2,9,5/27/2011,196,41.52,34651349,40.55,0.899149,-32.04131147,-6.01432,0.963391,41.52
355,2,29,4/29/2011,12,88.00,81596868,85.89,1.95851,88.10349999,-6.14075,0.534212,87.98
356,1,19,3/18/2011,70,76.41,40853280,72.89,-4.08673,17.20902306,2.38095,0.835731,72.99
357,1,9,1/28/2011,315,39.95,42131642,38.65,-1.99294,16.42745943,4.27766,1.0296,38.85
358,1,5,2/4/2011,75,99.72,31169285,95.85,3.59929,-10.76405188,3.93495,0.441811,99.59
359,1,11,1/14/2011,53,35.89,41918450,34.07,5.0644,-25.9088433,1.50125,0.696573,35.89
360,1,24,2/4/2011,82,64.36,57201539,62.30,-1.14996,-18.33270276,1.2197,0.833202,63.61
361,2,25,4/21/2011,48,61.32,10135730,58.07,3.37154,-34.43794793,3.19635,0.668624,61.32
362,2,5,5/27/2011,52,104.60,30213720,100.30,3.25765,-44.33139309,-4.99013,0.439771,104.60
363,2,28,5/6/2011,5,55.79,46668727,53.20,-0.108932,-1.039709372,1.36438,0.672483,55.02
364,1,12,1/21/2011,52,47.64,82623453,45.76,2.36238,26.21163799,-2.52731,0.169384,47.23
365,2,22,4/29/2011,18,26.87,554889924,25.34,1.40845,249.9840555,-0.269854,0.617284,25.92
366,1,12,3/4/2011,10,43.85,110702335,42.06,-1.04505,-47.57108595,-2.72727,0.187749,42.61
367,2,23,4/15/2011,26,20.75,209481824,20.33,-0.0973236,5.183751899,-2.60827,0.974184,20.53
368,2,7,5/6/2011,12,109.57,44930373,101.11,-6.0285,60.43913967,-0.83293,0.709565,102.88
369,1,23,1/21/2011,12,18.49,159663706,18.02,0.0544959,-26.88038942,-0.981997,1.08932,18.36
370,2,17,5/13/2011,46,35.10,47572999,33.80,3.19432,-19.32641275,1.1194,0.831184,34.89
371,2,16,5/27/2011,35,42.92,119828886,41.69,0.919811,-17.42479195,-3.86216,0.584249,42.79
372,1,6,1/21/2011,67,21.33,193706863,20.50,-2.35627,25.20783263,0.431862,0.289575,20.72
373,2,9,5/20/2011,203,41.84,50988843,40.68,0.581677,-35.33856842,0.899149,0.963855,41.50
374,1,10,1/7/2011,38,18.72,280146510,18.12,-0.3245,,1.12843,0.759631,18.43
375,1,15,2/18/2011,7,61.11,33273371,60.33,0.692042,-22.43449648,-1.71391,0.883652,61.11
376,2,20,6/24/2011,54,93.92,15126028,90.68,-0.579742,-2.726170239,6.13746,0.605127,90.89
377,1,28,2/4/2011,33,56.58,60981950,55.39,-0.744021,-12.31455023,-0.677724,0.660361,56.03
378,2,22,6/17/2011,60,29.05,280430166,23.65,1.97562,21.76343765,0.537857,0.659522,24.26
379,2,25,6/24/2011,75,58.28,20959450,56.12,-1.54594,1.510428606,4.01197,0.723359,56.68
380,2,30,6/10/2011,26,30.61,95255686,30.11,-0.687398,11.9523265,1.61823,1.41727,30.34
381,2,15,5/13/2011,13,67.37,66040498,65.07,2.31915,-4.066794922,-1.08417,0.855599,66.62
382,2,23,6/24/2011,40,20.96,259247639,20.08,-0.049776,13.02472523,3.23383,0.996016,20.08
383,2,6,4/29/2011,67,17.64,412492845,16.90,3.48494,65.38022608,0.285551,0.342466,17.52
384,2,15,4/29/2011,27,65.98,70745990,63.40,3.25216,-2.938856959,-0.986044,0.867316,65.72
385,1,7,3/11/2011,68,104.77,43673568,97.60,-4.0242,-9.418191232,3.67084,0.730511,99.93
386,1,11,2/25/2011,11,39.38,54816070,36.78,-5.64885,79.02273944,0.188425,0.674218,37.08
387,1,26,2/4/2011,12,82.60,15689029,80.66,0.880196,-33.42426922,2.83645,0.521086,82.52
388,1,22,3/4/2011,74,26.86,298801508,25.80,-2.77257,25.2162659,-1.72216,0.61657,25.95
389,1,18,1/21/2011,49,63.92,36000586,62.72,-0.696092,15.02582128,-1.04979,0.748765,62.77
390,1,30,1/28/2011,9,28.95,171464186,27.41,-3.40829,31.30540384,2.00584,1.56421,27.49
391,2,24,5/20/2011,61,67.72,47738539,66.51,1.0501,-3.90271396,-0.898204,0.786817,67.36
392,2,12,6/17/2011,87,35.32,134346312,33.95,-0.370054,80.81356224,0.316183,0.342857,35.00
393,2,13,4/21/2011,15,168.28,23662621,162.19,2.21088,6.668225491,1.74769,0.445686,168.28
394,2,14,6/17/2011,47,26.78,294273143,21.07,-1.11993,17.84126251,0.0471921,0.991033,21.19
395,2,17,6/24/2011,4,34.98,39770714,33.87,0.610643,-10.91010204,2.48483,0.83815,34.60
396,1,21,2/18/2011,21,33.19,54419625,32.65,-0.363967,-12.28227051,-1.70992,1.15677,32.85
397,1,15,2/11/2011,14,61.17,42897125,60.42,-0.295664,-32.596127,0.692042,0.889621,60.70
398,1,20,2/11/2011,5,91.95,16315175,87.81,4.11705,9.051745919,1.35194,0.599129,91.80
399,2,3,4/21/2011,20,75.44,16947409,71.75,3.74037,-13.05582941,5.65488,0.556734,75.44
400,1,17,1/28/2011,60,31.77,55657855,30.50,-2.73973,35.09104495,2.16181,0.949885,30.53
401,1,29,2/11/2011,17,84.00,85733429,81.61,-0.754943,-33.920929,3.04878,0.531273,82.82
402,2,27,4/1/2011,5,38.95,96766651,37.42,2.75107,21.55977938,-2.10226,1.27372,38.47
403,1,28,1/7/2011,61,55.07,64231179,53.76,-0.2766,,2.16216,0.684172,54.08
404,1,16,3/25/2011,10,46.38,117959443,44.77,-0.907519,-47.9009063,0.542299,0.545137,45.86
405,2,9,6/10/2011,182,39.88,49099516,38.42,-1.73558,-5.884141239,-1.52731,1.03896,38.50
406,1,19,3/4/2011,84,76.63,41047787,73.64,2.03999,47.22382057,0.458235,0.802315,76.03
407,2,29,6/24/2011,47,81.12,118679791,76.78,-2.37762,18.06420424,6.67274,0.612139,76.78
408,2,4,4/8/2011,54,13.88,480033181,13.37,0.597015,-3.930488803,-5.03704,0.074184,13.48
409,2,26,5/6/2011,12,90.67,21797524,85.80,-0.910807,4.795667543,0.112511,0.538056,89.21
410,2,21,6/3/2011,10,36.76,46564832,35.76,-1.56636,-11.16406289,-0.70028,1.06086,35.82
411,1,6,1/7/2011,81,21.00,303545878,20.38,2.54279,,1.2894,0.286123,20.97
412,1,25,2/25/2011,11,61.15,20849299,59.05,-1.65016,47.78593979,-0.704698,0.604027,59.60
413,1,7,2/25/2011,82,103.94,57897831,99.23,2.89227,106.4989951,1.43723,0.714985,102.10
414,1,27,2/18/2011,47,36.62,68915874,35.66,0.853759,-12.13016836,-0.745033,1.33807,36.62
415,1,13,1/21/2011,18,156.78,35770931,149.38,3.79122,133.2580324,2.43855,0.418006,155.50
416,1,3,3/18/2011,54,71.23,29746370,67.34,-2.90853,16.3954667,4.33917,0.607815,69.10
417,1,18,1/14/2011,56,63.86,31297830,62.56,0.685805,-47.6644074,-0.696092,0.744496,63.13
418,2,4,4/21/2011,41,12.60,624897506,12.15,-2.22399,-6.814410779,-0.324675,0.0812348,12.31
419,2,10,4/21/2011,56,20.54,182835072,19.51,0.91047,-13.88537099,1.53923,0.701754,19.95
420,2,19,5/20/2011,7,82.85,27816875,80.44,2.34958,4.679566831,0.110389,0.740921,82.33
421,2,1,4/8/2011,34,18.47,129237024,17.42,2.87026,25.08374823,-8.52713,0.167411,17.92
422,1,10,2/11/2011,3,21.44,252254376,20.73,2.6962,2.296644945,-0.32543,0.656353,21.33
423,2,28,4/29/2011,12,55.16,47159044,53.23,2.57463,104.3862543,-0.108932,0.672972,54.98
424,1,22,3/11/2011,67,26.27,271799244,25.35,-1.72216,-9.036856668,-2.70694,0.623053,25.68
425,2,17,4/1/2011,88,31.70,38759730,31.06,0.829346,-7.623429578,-0.126143,0.917431,31.61
426,2,16,6/10/2011,21,41.50,194764785,40.10,-0.121655,34.14668173,-1.18673,0.609013,41.05
427,1,17,2/18/2011,39,30.93,38172345,30.26,0.782524,-42.08612152,3.22266,0.938208,30.91
428,2,23,4/1/2011,40,20.57,170424399,20.11,-0.195886,-21.06861801,-0.437956,0.981354,20.38
429,1,8,1/28/2011,14,50.66,45429653,48.26,3.81916,77.38273235,4.74576,0.815271,50.29
430,1,13,3/25/2011,42,162.74,25381792,157.07,2.87998,-39.31833965,1.68998,0.462449,162.18
431,1,27,2/25/2011,40,36.32,57673647,35.34,-0.745033,-16.31297167,0.0554631,1.36225,35.97
432,2,13,4/8/2011,28,164.75,17615408,163.16,-0.225033,-7.68542563,1.69481,0.457178,164.05
433,1,13,2/25/2011,70,164.26,21443811,159.03,-0.788653,49.40701738,-0.326435,0.462164,162.28
434,2,26,4/15/2011,33,85.56,17017620,82.70,-1.82353,45.56430394,5.44794,0.575195,83.45
435,1,12,3/25/2011,80,43.28,78089358,41.35,1.62485,-35.49093971,-3.39463,0.305667,42.53
436,2,6,5/6/2011,60,17.70,290282402,17.28,0.285551,-29.62728796,-3.70793,0.341686,17.56
437,2,21,5/20/2011,24,37.65,74833386,36.69,0,25.36261628,-1.25443,1.02536,37.06
438,2,30,4/1/2011,5,30.97,384284485,28.90,5.51344,127.2456535,-0.0975927,1.40431,30.62
439,2,25,4/1/2011,68,60.01,16608737,58.37,1.04925,17.56965399,-0.417851,0.686652,59.71
440,2,29,4/8/2011,33,86.22,75566590,84.07,2.0057,-2.581847092,-1.93136,0.54683,85.95
441,2,24,5/13/2011,68,67.31,49677302,64.86,2.97243,-9.753897247,1.0501,0.792701,66.86
442,2,3,6/3/2011,68,78.35,17813730,74.09,-3.80463,12.12916136,-2.76886,0.561197,74.84
443,1,13,2/11/2011,84,166.25,26106753,163.18,-0.140176,2.874986459,0.401998,0.457736,163.85
444,1,20,1/28/2011,19,90.50,26110543,87.20,-1.98408,143.8973045,0.409417,0.629003,87.44
445,2,26,5/13/2011,5,90.18,17420630,88.35,0.112511,-20.07977603,-1.08524,0.539447,88.98
446,2,13,4/1/2011,35,164.42,19081936,161.12,1.68998,-24.82037517,-0.225033,0.456565,164.27
447,2,19,4/15/2011,42,77.54,21670715,75.83,1.61523,-2.986359177,0.0260112,0.788317,77.38
448,1,28,1/21/2011,47,56.27,53009787,54.71,1.12502,8.339214079,2.36505,0.663915,55.73
449,2,22,5/27/2011,81,25.03,213316051,24.03,2.27179,-31.51157921,-4.24679,0.646204,24.76
450,2,18,6/3/2011,10,67.24,31192400,65.21,-2.10636,19.66330358,-0.183178,0.717229,65.53
451,1,21,1/14/2011,56,37.61,108158891,34.23,-8.13204,48.65058696,-0.498973,1.11014,34.23
452,1,9,3/25/2011,259,43.24,40696371,40.87,3.64206,-37.44794267,-0.787219,0.930882,42.97
453,2,27,4/8/2011,89,38.70,62429599,37.26,-2.10226,-35.48438604,0.264901,1.29905,37.72
454,1,16,2/11/2011,52,46.89,162434145,44.65,4.06704,18.19403927,4.34783,0.536826,46.57
455,1,30,2/4/2011,2,28.06,118469916,27.20,2.00584,-30.90690321,1.78763,1.53736,27.97
456,1,18,2/25/2011,14,64.40,32331825,63.33,1.49937,7.998156552,1.62069,0.730835,64.31
457,1,9,3/18/2011,266,42.67,65060004,40.42,-3.30675,57.80007212,3.64206,0.970167,41.23
458,2,5,6/24/2011,24,102.50,43722864,96.05,3.64805,0.26701338,8.66347,0.459954,100.01
459,1,15,2/25/2011,0,61.08,46786798,59.36,-1.71391,40.61333912,1.88553,0.905433,59.64
460,2,6,5/13/2011,53,17.99,563552552,16.64,-3.70793,94.13941325,-1.72414,0.35545,16.88
461,1,14,1/7/2011,27,21.21,386719626,20.27,-1.66587,,1.78658,0.871249,20.66
462,1,9,2/11/2011,301,44.05,83975520,40.71,6.39706,56.90057634,0.85668,0.921447,43.41
463,2,9,4/15/2011,238,42.02,40820710,40.84,-0.574713,4.52039518,3.17305,0.963391,41.52
464,2,10,6/17/2011,90,18.90,261979707,18.20,0.983069,0.414228127,-2.01745,0.811249,18.49
465,1,26,1/7/2011,40,79.75,15797841,78.40,-0.138906,,1.03488,0.543753,79.08
466,2,16,4/21/2011,71,44.97,113261188,43.53,0.926135,-39.11262337,2.19485,0.559534,44.68
467,2,5,4/29/2011,80,116.25,34522949,107.95,5.64811,44.21281068,-5.07571,0.398579,115.41
468,2,2,6/17/2011,12,49.14,37705374,46.92,1.12594,11.45900085,-0.0206825,0.371134,48.50
469,1,28,3/25/2011,47,52.95,53385178,51.38,1.19853,-15.52734236,-0.344102,0.706781,52.35
470,2,29,6/3/2011,68,83.75,78616295,80.18,-2.52161,15.2210316,-1.42098,0.57896,81.18
471,2,28,4/15/2011,26,53.96,45662991,52.40,1.92234,-5.620388315,0.941974,0.690943,53.55
472,1,11,1/28/2011,39,38.12,63397367,36.30,0.658256,40.10492615,-0.888769,0.681199,36.70
473,1,2,3/18/2011,19,44.47,41757526,42.19,0.706794,11.01759959,1.87709,0.407516,44.17
474,2,11,6/3/2011,11,36.28,39307513,34.43,-4.28413,-3.359080634,-3.06979,0.721917,34.63
475,1,26,2/18/2011,89,85.44,11922670,84.25,-0.0705302,-28.35428181,-1.38396,0.564639,85.01
476,1,8,3/11/2011,61,54.49,27091813,51.82,-2.21811,-17.79989531,-0.357277,0.775047,52.90
477,1,18,2/4/2011,35,63.48,34863226,61.89,0.385109,-17.27123121,1.43609,0.751279,62.56
478,2,3,5/27/2011,75,76.99,15886795,75.13,0.574788,-20.52666186,-3.80463,0.545525,76.99
479,1,23,1/28/2011,5,18.76,277157388,18.14,-0.981997,73.58822173,6.10225,1.10193,18.15
480,1,27,1/7/2011,89,37.70,141938064,35.41,-0.36051,,-2.98222,1.36376,35.93
481,2,8,5/6/2011,5,57.00,27498887,53.59,-3.17263,0.547380154,-3.69494,0.750503,54.63
482,2,3,4/29/2011,12,80.34,30503034,74.68,5.65488,79.98641562,-1.29434,0.526448,79.78
483,1,5,3/4/2011,47,104.43,29851515,99.35,0.311526,6.05678948,-3.28757,0.427019,103.04
484,2,8,4/21/2011,20,56.00,15537427,53.19,3.00295,-35.42128773,1.97522,0.733321,55.91
485,1,3,2/18/2011,82,73.04,15989248,71.09,0.467675,-26.68647494,-0.0691085,0.575027,73.04
486,1,9,1/7/2011,336,40.00,72917621,37.62,4.531,,0.717765,1.01394,39.45
487,2,26,6/3/2011,75,87.79,21179642,82.43,-4.32184,40.28236443,-0.277342,0.576646,83.24
488,1,27,2/4/2011,61,36.48,72890565,35.38,1.87991,-41.2774466,0.247934,1.34949,36.31
489,1,15,2/4/2011,21,60.99,63641929,59.69,1.13032,-26.19434692,-0.295664,0.887574,60.84
490,1,14,3/11/2011,54,21.74,289874871,20.61,-3.78054,-0.643270457,-3.5334,0.862482,20.87
491,1,13,2/4/2011,4,164.20,25377163,158.68,3.02802,-21.94159958,-0.140176,0.396341,164.00
492,1,7,3/25/2011,54,107.01,39606692,103.20,2.81148,-29.50889116,1.80451,0.683649,106.78
493,2,27,5/6/2011,61,38.33,84281362,36.90,-2.73937,23.3433083,-0.0536481,1.31438,37.28
494,1,17,2/11/2011,46,31.25,65912258,30.24,-1.66774,89.59721938,0.782524,0.945858,30.66
495,2,16,6/3/2011,28,43.38,145187926,40.83,-3.86216,21.1627103,-0.121655,0.601395,41.57
496,2,2,6/24/2011,5,50.15,34877916,48.15,-0.0206825,-7.498819664,7.93978,0.372362,48.34
497,1,17,1/14/2011,74,31.72,24955086,30.89,1.39114,-44.50944226,-0.191022,0.925335,31.34
498,1,23,1/14/2011,19,18.48,218359623,18.13,0.658617,-43.54784915,0.0544959,1.09051,18.34
499,2,5,5/20/2011,59,108.27,54274252,101.47,-1.45461,42.03679462,3.25765,0.440909,104.33
500,2,2,5/13/2011,47,50.46,35427164,49.22,-1.13863,-19.47955308,3.58155,0.36371,49.49
501,2,23,4/29/2011,12,21.06,205782608,19.90,5.11278,43.56393017,-2.79092,0.953743,20.97
502,2,12,5/13/2011,31,41.74,63498759,40.22,-0.931601,-9.609918892,-10.4975,0.321703,40.41
503,2,8,4/1/2011,40,55.80,23341552,53.70,1.99593,-4.590377398,-0.18018,0.742888,55.19
504,1,23,3/11/2011,61,19.75,195391037,19.30,-0.86558,-24.26109148,3.75321,1.02722,19.47
505,2,23,5/20/2011,75,21.28,249113161,20.68,-0.71977,38.27152112,2.14739,0.966651,20.69
506,1,29,2/4/2011,24,83.98,129743696,79.01,4.2042,12.45213672,-0.754943,0.528338,83.28
507,2,27,6/24/2011,12,36.17,82375230,35.20,1.83876,18.3791771,5,1.36111,36.00
508,2,3,4/15/2011,26,74.28,19492289,70.88,-1.42566,-8.142496529,3.74037,0.578512,72.60
509,2,22,5/13/2011,4,25.96,382293426,24.95,-2.9845,10.28029056,-1.88301,0.639233,25.03
510,1,30,1/7/2011,30,30.10,157834347,28.66,-2.7965,,-0.385424,1.49047,28.85
511,1,1,3/18/2011,55,16.33,130374108,15.43,1.00313,14.03060136,4.33455,0.18622,16.11
512,2,20,4/1/2011,47,94.33,14958061,91.90,0.768232,-0.08244267,0.58265,0.590572,93.13
513,2,25,6/17/2011,82,59.32,20647583,57.36,-2.02977,14.1261046,-1.54594,0.707873,57.92
514,2,30,4/8/2011,89,31.00,148206324,29.99,-0.0975927,-61.43317522,-0.325203,1.4002,30.71
515,1,29,3/4/2011,68,86.56,102134160,83.55,-0.919995,-16.29610303,-4.33364,0.552421,85.08
516,2,13,6/17/2011,52,165.10,29390025,161.52,0,42.35160584,0.836897,0.456093,164.44
517,1,2,1/21/2011,75,46.71,38824728,44.71,-0.0651749,49.82309945,-4.7557,0.391304,46.00
518,2,26,6/10/2011,68,84.52,20109892,82.60,-0.277342,-5.050840803,1.98987,0.580411,82.70
519,2,2,6/3/2011,26,51.70,25215640,49.04,-4.10586,-4.34082104,-2.82923,0.36526,49.28
520,2,16,6/24/2011,7,41.53,167589521,39.44,-2.49383,-8.700851184,5.53299,0.633072,39.49
521,2,4,5/13/2011,19,12.43,623724296,11.91,-2.85016,8.054349931,-2.60723,0.0838223,11.93
522,1,14,3/4/2011,61,22.08,291751623,21.35,-0.873563,13.90506489,-3.78054,0.834879,21.56
523,1,6,3/25/2011,4,17.64,284574143,17.20,-0.346021,-35.93005207,-1.84332,0.347222,17.28
524,2,6,4/15/2011,81,17.76,324203125,16.97,-3.83964,-39.96038416,0.35545,0.352319,17.03
525,1,28,1/14/2011,54,55.36,48929455,53.54,2.16216,-23.82289137,1.12502,0.675059,54.81
526,1,23,2/18/2011,82,19.39,153153528,18.72,1.96599,-15.34365051,-0.105932,1.04221,19.19
527,1,18,2/18/2011,21,64.72,29937386,62.55,1.38213,-35.29783576,1.49937,0.728118,64.55
528,2,19,5/13/2011,14,80.91,26573357,79.08,1.61087,0.427201971,2.34958,0.755512,80.74
529,2,16,4/1/2011,3,46.88,112702290,45.51,0.542299,-4.456746206,1.56114,0.539374,46.35
530,2,4,5/20/2011,12,12.11,658968285,11.53,-2.60723,5.650571771,1.91805,0.0863558,11.58
531,2,7,4/15/2011,33,109.90,42617245,103.13,-3.18936,33.35263661,3.03001,0.687124,106.24
532,1,23,1/7/2011,26,18.38,386804789,17.62,3.61582,,0.658617,1.09051,18.34
533,1,11,3/11/2011,95,37.78,49156185,36.54,-0.322061,-1.220440218,-2.49187,0.673129,37.14
534,1,14,2/11/2011,82,21.86,236842359,21.35,0.0919963,-14.79542216,2.35784,0.827206,21.76
535,1,21,1/7/2011,63,37.35,72760487,35.85,2.92091,,-8.13204,1.0174,37.35
536,2,1,4/21/2011,21,16.97,85235391,15.88,3.72861,-59.99485828,0.354191,0.176783,16.97
537,2,7,4/21/2011,27,108.34,18873837,103.04,3.03001,-55.71314617,1.92791,0.675113,108.13
538,1,29,2/18/2011,10,85.10,93325562,81.80,3.04878,8.855510725,0.435448,0.52071,84.50
539,2,20,4/15/2011,33,94.64,15375510,91.75,-0.822737,21.33241058,2.15358,0.592545,92.82
540,2,17,5/27/2011,32,35.06,31660711,34.28,-0.629111,-34.06420802,-1.98333,0.834532,34.75
541,2,17,4/15/2011,74,33.54,71530535,31.69,5.13709,108.4579285,2.01711,0.869305,33.36
542,1,3,1/28/2011,12,72.82,34929673,69.00,-3.2019,18.02869553,3.06093,0.606673,69.23
543,1,10,1/28/2011,17,20.74,437317986,19.74,1.35474,-2.712025131,2.13612,0.693069,20.20
544,1,18,1/28/2011,42,63.31,42141599,62.14,-1.04979,17.05809178,0.385109,0.755506,62.21
545,1,9,1/14/2011,329,39.81,31943413,38.92,0.717765,-56.1924641,1.71487,1.01807,39.29
546,1,4,2/18/2011,12,14.95,458423511,14.69,-0.13541,-38.58744486,-1.25174,0.0677966,14.75
547,2,11,5/20/2011,25,37.94,53378802,36.55,0.981194,28.95944521,0,0.674764,37.05
548,2,10,4/15/2011,62,20.37,212315926,19.60,-0.988142,-11.02290686,0.91047,0.698603,20.04
549,2,19,6/17/2011,74,82.72,27515629,80.39,2.59853,-11.99012252,-0.58309,0.739215,82.52
550,2,11,6/10/2011,4,35.02,45606663,33.42,-3.06979,16.02530794,3.19785,0.746938,33.47
551,1,12,3/18/2011,87,42.15,121051768,40.10,0.0242072,42.1783405,1.62485,0.314618,41.32
552,2,30,5/6/2011,61,31.94,156030184,31.03,-1.07595,38.89138687,0.673077,1.37556,31.26
553,1,16,2/18/2011,45,48.00,131941706,46.00,4.34783,-18.77218549,-1.10169,0.520833,48.00
554,1,25,2/18/2011,18,60.92,14107769,58.53,3.53501,-27.79882031,-1.65016,0.590939,60.92
555,1,20,3/18/2011,61,91.21,23633329,86.91,-2.44491,30.24998136,2.21558,0.618116,88.98
556,2,6,4/8/2011,88,18.29,539982011,17.00,3.76249,74.95266053,-3.83964,0.339943,17.65
557,2,23,5/27/2011,68,20.98,162550095,20.35,2.14739,-34.74849167,-0.761905,0.955566,20.93
558,2,6,6/17/2011,18,15.28,401380782,14.78,-1.12285,-2.624289924,-0.0669344,0.400802,14.97
559,2,2,5/20/2011,40,51.97,36565612,49.17,3.58155,3.213488949,0.768624,0.351631,51.19
560,1,29,1/28/2011,31,79.98,115376817,77.93,0.177552,15.4447135,4.2042,0.557033,78.99
561,1,27,3/25/2011,12,37.32,79604168,36.37,1.71849,-35.90758938,2.75107,1.31403,37.29
562,1,19,2/11/2011,14,76.32,39363816,73.30,2.71145,-5.192091561,0.0788747,0.801156,76.14
563,2,22,6/10/2011,67,24.25,230307366,23.69,-0.83682,-6.537955597,1.97562,0.675106,23.70
564,1,2,2/25/2011,40,45.12,39654146,43.01,-3.13752,38.82118305,-0.0228676,0.413508,43.53
565,2,24,6/10/2011,40,65.64,48599369,64.65,-1.00979,30.24960705,0.0618716,0.819165,64.70
566,2,18,5/20/2011,24,68.70,32520067,67.50,0.293686,1.099510875,-1.59787,0.688141,68.30
567,1,16,3/18/2011,17,46.18,226413618,43.40,0.704535,61.24685462,-0.907519,0.546568,45.74
568,1,2,3/25/2011,12,45.61,30798332,44.10,1.87709,-26.24483548,-0.395257,0.394823,45.59
569,1,27,1/28/2011,68,36.59,124127036,34.88,2.15023,14.61798206,1.87991,1.37525,35.63
570,1,20,2/25/2011,82,93.65,17249356,89.27,-2.67443,28.42625947,0.31556,0.609418,90.25
571,1,18,3/11/2011,0,65.84,44560041,64.47,-0.780772,-27.73967763,-2.54896,0.725197,64.81
572,2,10,4/8/2011,69,20.75,238618636,20.07,-2.60492,14.77719028,-0.988142,0.693413,20.19
573,1,1,1/21/2011,12,16.38,138428495,15.60,-2.47066,-43.02495926,1.63831,0.189994,15.79
574,1,9,3/4/2011,280,44.34,53096584,42.97,1.23199,-6.79374919,-1.37836,0.918484,43.55
575,1,10,1/14/2011,31,18.82,215626229,18.46,1.12843,-23.03090658,4.00421,0.74389,18.82
576,2,20,6/17/2011,61,92.99,15549946,90.58,0.702216,5.532730394,-0.579742,0.599259,91.78
577,1,16,1/14/2011,80,44.97,144662779,43.00,3.79015,-38.32271009,0.599733,0.556669,44.91
578,2,24,5/27/2011,54,67.20,37114265,65.70,-0.898204,-22.25513018,-1.35685,0.800604,66.20
579,2,12,6/24/2011,80,35.65,102774442,34.55,0.316183,-23.50036226,5.70613,0.34384,34.90
580,2,15,6/17/2011,70,67.36,58201928,65.47,-0.0452352,11.42979914,-1.54358,0.859858,66.29
581,1,25,3/11/2011,89,59.72,15980871,57.88,-0.641242,-21.21506081,-0.701214,0.696332,58.88
582,2,23,5/6/2011,5,21.20,273973053,20.07,-2.79092,33.13712741,1.89966,0.973236,20.55
583,2,14,4/15/2011,19,20.20,231298341,19.41,-1.59442,-19.2235977,9.88223,0.911392,19.75
584,1,8,2/4/2011,7,52.63,31069977,50.09,4.74576,-31.60859714,3.72482,0.780506,52.53
585,2,1,6/17/2011,47,15.50,111273573,14.59,-3.72793,17.16588027,3.81731,0.203804,14.72
586,1,10,2/4/2011,10,20.96,246591055,20.10,2.13612,-43.61287144,2.6962,0.680934,20.56
587,1,30,1/14/2011,23,28.61,170616350,27.71,-0.385424,8.098365941,-0.770578,1.51249,28.43
588,1,24,3/4/2011,54,63.65,59801160,61.56,-1.22611,25.2410372,-0.822581,0.854425,62.03
589,1,26,1/21/2011,26,80.50,16471934,78.98,1.16044,29.56640623,1.45776,0.53616,80.20
590,2,25,4/8/2011,61,60.00,12307164,59.11,-0.417851,-25.89945882,-0.0835422,0.68815,59.58
591,2,3,5/20/2011,82,78.81,19990094,75.83,-1.44928,8.829895753,0.574788,0.541796,77.52
592,1,23,2/11/2011,89,19.30,180912039,18.62,-2.28334,-49.58134131,1.96599,1.06213,18.83
593,1,10,3/4/2011,104,21.17,261175412,20.16,-2.7685,-2.728027323,-0.196078,0.687285,20.37
594,1,6,2/25/2011,32,18.74,285212201,18.23,-0.480513,-26.91703665,-1.18153,0.321888,18.64
595,1,29,3/18/2011,54,82.64,123914255,78.80,-1.00404,33.63213629,2.13754,0.581323,80.85
596,1,4,1/28/2011,33,14.26,1054415375,13.40,-4.5614,7.325550716,4.23049,0.0735294,13.60
597,2,6,5/27/2011,39,16.46,235050333,16.11,0.304692,-36.76541454,-3.49608,0.36452,16.46
598,1,17,3/11/2011,18,31.79,41766976,31.18,0.443599,-24.3504718,-1.65027,0.914827,31.70
599,2,7,4/29/2011,19,109.60,28004621,106.68,1.92791,48.37799542,-6.0285,0.667032,109.44
